{
  "athletes": [
    {
      "name_ko": "이승훈",
      "birth_year": "05",
      "fis_code": "235622",
      "sector": "FS",
      "team": "프리스타일",
      "sport": "freestyle_park",
      "sport_display": "Freestyle - Park & Pipe"
    },
    {
      "name_ko": "문희성",
      "birth_year": "06",
      "fis_code": "239278",
      "sector": "FS",
      "team": "프리스타일",
      "sport": "freestyle_park",
      "sport_display": "Freestyle - Park & Pipe"
    },
    {
      "name_ko": "신영섭",
      "birth_year": "05",
      "fis_code": "233691",
      "sector": "FS",
      "team": "프리스타일",
      "sport": "freestyle_park",
      "sport_display": "Freestyle - Park & Pipe"
    },
    {
      "name_ko": "장유진",
      "birth_year": "01",
      "fis_code": "203633",
      "sector": "FS",
      "team": "프리스타일",
      "sport": "freestyle_park",
      "sport_display": "Freestyle - Park & Pipe"
    },
    {
      "name_ko": "김다은",
      "birth_year": "05",
      "fis_code": "235623",
      "sector": "FS",
      "team": "프리스타일",
      "sport": "freestyle_park",
      "sport_display": "Freestyle - Park & Pipe"
    },
    {
      "name_ko": "정대윤",
      "birth_year": "05",
      "fis_code": "229480",
      "sector": "FS",
      "team": "프리스타일",
      "sport": "freestyle_moguls",
      "sport_display": "Freestyle - Moguls"
    },
    {
      "name_ko": "이윤승",
      "birth_year": "06",
      "fis_code": "252896",
      "sector": "FS",
      "team": "프리스타일",
      "sport": "freestyle_moguls",
      "sport_display": "Freestyle - Moguls"
    },
    {
      "name_ko": "윤신이",
      "birth_year": "07",
      "fis_code": "258758",
      "sector": "FS",
      "team": "프리스타일",
      "sport": "freestyle_moguls",
      "sport_display": "Freestyle - Moguls"
    },
    {
      "name_ko": "이상호",
      "birth_year": "95",
      "fis_code": "163744",
      "sector": "SB",
      "team": "스노보드",
      "sport": "snowboard_alpine",
      "sport_display": "Snowboard Alpine"
    },
    {
      "name_ko": "김상겸",
      "birth_year": "89",
      "fis_code": "111837",
      "sector": "SB",
      "team": "스노보드",
      "sport": "snowboard_alpine",
      "sport_display": "Snowboard Alpine"
    },
    {
      "name_ko": "조완희",
      "birth_year": "98",
      "fis_code": "188938",
      "sector": "SB",
      "team": "스노보드",
      "sport": "snowboard_alpine",
      "sport_display": "Snowboard Alpine"
    },
    {
      "name_ko": "마준호",
      "birth_year": "02",
      "fis_code": "220950",
      "sector": "SB",
      "team": "스노보드",
      "sport": "snowboard_alpine",
      "sport_display": "Snowboard Alpine"
    },
    {
      "name_ko": "홍승영",
      "birth_year": "98",
      "fis_code": "188936",
      "sector": "SB",
      "team": "스노보드",
      "sport": "snowboard_alpine",
      "sport_display": "Snowboard Alpine"
    },
    {
      "name_ko": "정해림",
      "birth_year": "95",
      "fis_code": "156415",
      "sector": "SB",
      "team": "스노보드",
      "sport": "snowboard_alpine",
      "sport_display": "Snowboard Alpine"
    },
    {
      "name_ko": "우수빈",
      "birth_year": "03",
      "fis_code": "229485",
      "sector": "SB",
      "team": "스노보드",
      "sport": "snowboard_cross",
      "sport_display": "Snowboard Cross"
    },
    {
      "name_ko": "이채운",
      "birth_year": "06",
      "fis_code": "239112",
      "sector": "SB",
      "team": "스노보드",
      "sport": "snowboard_park",
      "sport_display": "Snowboard - Park & Pipe"
    },
    {
      "name_ko": "이지오",
      "birth_year": "08",
      "fis_code": "261333",
      "sector": "SB",
      "team": "스노보드",
      "sport": "snowboard_park",
      "sport_display": "Snowboard - Park & Pipe"
    },
    {
      "name_ko": "김건희",
      "birth_year": "08",
      "fis_code": "261977",
      "sector": "SB",
      "team": "스노보드",
      "sport": "snowboard_park",
      "sport_display": "Snowboard - Park & Pipe"
    },
    {
      "name_ko": "최가온",
      "birth_year": "08",
      "fis_code": "264594",
      "sector": "SB",
      "team": "스노보드",
      "sport": "snowboard_park",
      "sport_display": "Snowboard - Park & Pipe"
    },
    {
      "name_ko": "이나윤",
      "birth_year": "03",
      "fis_code": "212759",
      "sector": "SB",
      "team": "스노보드",
      "sport": "snowboard_park",
      "sport_display": "Snowboard - Park & Pipe"
    },
    {
      "name_ko": "이동헌",
      "birth_year": "06",
      "fis_code": "239111",
      "sector": "SB",
      "team": "스노보드",
      "sport": "snowboard_park",
      "sport_display": "Snowboard - Park & Pipe"
    },
    {
      "name_ko": "유승은",
      "birth_year": "08",
      "fis_code": "261339",
      "sector": "SB",
      "team": "스노보드",
      "sport": "snowboard_park",
      "sport_display": "Snowboard - Park & Pipe"
    },
    {
      "name_ko": "최흥철",
      "birth_year": "81",
      "fis_code": "10064",
      "sector": "JP",
      "team": "스키점프",
      "sport": "ski_jumping",
      "sport_display": "Ski Jumping"
    },
    {
      "name_ko": "장선웅",
      "birth_year": "07",
      "fis_code": "270266",
      "sector": "JP",
      "team": "스키점프",
      "sport": "ski_jumping",
      "sport_display": "Ski Jumping"
    },
    {
      "name_ko": "이준서",
      "birth_year": "03",
      "fis_code": "229479",
      "sector": "CC",
      "team": "크로스컨트리",
      "sport": "cross_country",
      "sport_display": "Cross Country"
    },
    {
      "name_ko": "변지영",
      "birth_year": "98",
      "fis_code": "188923",
      "sector": "CC",
      "team": "크로스컨트리",
      "sport": "cross_country",
      "sport_display": "Cross Country"
    },
    {
      "name_ko": "이진복",
      "birth_year": "02",
      "fis_code": "229490",
      "sector": "CC",
      "team": "크로스컨트리",
      "sport": "cross_country",
      "sport_display": "Cross Country"
    },
    {
      "name_ko": "정종원",
      "birth_year": "92",
      "fis_code": "136287",
      "sector": "CC",
      "team": "크로스컨트리",
      "sport": "cross_country",
      "sport_display": "Cross Country"
    },
    {
      "name_ko": "이건용",
      "birth_year": "93",
      "fis_code": "154934",
      "sector": "CC",
      "team": "크로스컨트리",
      "sport": "cross_country",
      "sport_display": "Cross Country"
    },
    {
      "name_ko": "이의진",
      "birth_year": "01",
      "fis_code": "221223",
      "sector": "CC",
      "team": "크로스컨트리",
      "sport": "cross_country",
      "sport_display": "Cross Country"
    },
    {
      "name_ko": "한다솜",
      "birth_year": "94",
      "fis_code": "162284",
      "sector": "CC",
      "team": "크로스컨트리",
      "sport": "cross_country",
      "sport_display": "Cross Country"
    },
    {
      "name_ko": "이지예",
      "birth_year": "01",
      "fis_code": "212563",
      "sector": "CC",
      "team": "크로스컨트리",
      "sport": "cross_country",
      "sport_display": "Cross Country"
    },
    {
      "name_ko": "제상미",
      "birth_year": "99",
      "fis_code": "195562",
      "sector": "CC",
      "team": "크로스컨트리",
      "sport": "cross_country",
      "sport_display": "Cross Country"
    },
    {
      "name_ko": "정동현",
      "birth_year": "88",
      "fis_code": "93945",
      "sector": "AL",
      "team": "알파인",
      "sport": "alpine_skiing",
      "sport_display": "Alpine Skiing"
    },
    {
      "name_ko": "박제윤",
      "birth_year": "94",
      "fis_code": "154866",
      "sector": "AL",
      "team": "알파인",
      "sport": "alpine_skiing",
      "sport_display": "Alpine Skiing"
    },
    {
      "name_ko": "홍동관",
      "birth_year": "95",
      "fis_code": "163737",
      "sector": "AL",
      "team": "알파인",
      "sport": "alpine_skiing",
      "sport_display": "Alpine Skiing"
    },
    {
      "name_ko": "김동우",
      "birth_year": "95",
      "fis_code": "163740",
      "sector": "AL",
      "team": "알파인",
      "sport": "alpine_skiing",
      "sport_display": "Alpine Skiing"
    },
    {
      "name_ko": "정민식",
      "birth_year": "97",
      "fis_code": "189170",
      "sector": "AL",
      "team": "알파인",
      "sport": "alpine_skiing",
      "sport_display": "Alpine Skiing"
    },
    {
      "name_ko": "이한희",
      "birth_year": "97",
      "fis_code": "188824",
      "sector": "AL",
      "team": "알파인",
      "sport": "alpine_skiing",
      "sport_display": "Alpine Skiing"
    },
    {
      "name_ko": "신정우",
      "birth_year": "99",
      "fis_code": "203604",
      "sector": "AL",
      "team": "알파인",
      "sport": "alpine_skiing",
      "sport_display": "Alpine Skiing"
    },
    {
      "name_ko": "김소희",
      "birth_year": "96",
      "fis_code": "177571",
      "sector": "AL",
      "team": "알파인",
      "sport": "alpine_skiing",
      "sport_display": "Alpine Skiing"
    },
    {
      "name_ko": "최태희",
      "birth_year": "05",
      "fis_code": "263315",
      "sector": "AL",
      "team": "알파인",
      "sport": "alpine_skiing",
      "sport_display": "Alpine Skiing"
    },
    {
      "name_ko": "박서윤",
      "birth_year": "05",
      "fis_code": "261321",
      "sector": "AL",
      "team": "알파인",
      "sport": "alpine_skiing",
      "sport_display": "Alpine Skiing"
    }
  ]
}
